agent,var1,var2,var3,var4
1,0.6,0.65,0.7,0.8
2,0.2,0.32,0.11,0.23
3,0.74426288,0.4464739453,0.1057148729,0.0667101662
4,0.0938269181,0.7437194789,0.5065970392,0.4895338718
5,0.8593697466,0.6902435491,0.0980825168,0.7573608991
6,0.236920018,0.4238406231,0.1434058873,0.8355520448
7,0.7596871657,0.4028778768,0.5808354664,0.7449094611
8,0.2991494026,0.0718473853,0.2877388495,0.2369837685
9,0.2587091376,0.9157729744,0.4699692116,0.6789782963
10,0.5810660445,0.8076031297,0.7556937562,0.418068536
